{"stats":{"minecraft:killed":{"minecraft:pig":2,"minecraft:sheep":1},"minecraft:custom":{"minecraft:jump":31,"minecraft:time_since_rest":8702,"minecraft:crouch_one_cm":37,"minecraft:leave_game":19,"minecraft:sprint_one_cm":1964,"minecraft:play_time":8702,"minecraft:time_since_death":8702,"minecraft:walk_one_cm":2230,"minecraft:sneak_time":22,"minecraft:total_world_time":8702,"minecraft:mob_kills":3,"minecraft:fall_one_cm":209,"minecraft:fly_one_cm":17849},"minecraft:used":{"minecraft:oak_log":1,"alexsmobs:animal_dictionary":3},"minecraft:mined":{"minecraft:oak_log":1},"minecraft:picked_up":{"minecraft:oak_log":1}},"DataVersion":3465}