{"stats":{"minecraft:dropped":{"exoticbirds:cardinal_egg":3,"exoticbirds:lyrebird_egg":1,"exoticbirds:flamingo_egg":4,"exoticbirds:duck_egg":2,"exoticbirds:cassowary_egg":6,"exoticbirds:penguin_egg":3,"exoticbirds:hummingbird_egg":6,"exoticbirds:gouldianfinch_egg":2,"exoticbirds:magpie_egg":4,"exoticbirds:heron_egg":1,"exoticbirds:robin_egg":7,"exoticbirds:kingfisher_egg":6,"exoticbirds:macaw_egg":1,"exoticbirds:ostrich_egg":4,"exoticbirds:cockatoo_egg":6,"exoticbirds:woodpecker_egg":2,"exoticbirds:toucan_egg":5,"exoticbirds:kiwi_egg":2,"exoticbirds:peafowl_egg":2,"exoticbirds:eggshell":77,"minecraft:grass_block":1,"exoticbirds:kookaburra_egg":2,"exoticbirds:mystery_egg":48,"exoticbirds:swan_egg":1,"exoticbirds:roadrunner_egg":2,"exoticbirds:bluejay_egg":2,"exoticbirds:pigeon_egg":1,"conjurer_illager:throwing_card":1},"minecraft:custom":{"minecraft:time_since_rest":36175,"minecraft:sprint_one_cm":9946,"minecraft:walk_one_cm":13664,"minecraft:mob_kills":4,"minecraft:drop":99,"minecraft:damage_dealt":6,"minecraft:swim_one_cm":2173,"minecraft:fly_one_cm":71191,"minecraft:crouch_one_cm":71,"minecraft:play_time":36175,"minecraft:sneak_time":33,"minecraft:walk_under_water_one_cm":415,"minecraft:jump":92,"minecraft:leave_game":31,"minecraft:time_since_death":36175,"minecraft:walk_on_water_one_cm":108,"minecraft:total_world_time":36175,"minecraft:fall_one_cm":209},"minecraft:used":{"minecraft:oak_log":1,"exoticbirds:cockatoo_egg":1,"exoticbirds:egg_incubator":1,"minecraft:grass_block":6,"exoticbirds:egg_identifier":6,"conjurer_illager:throwing_card":90,"alexsmobs:animal_dictionary":4},"minecraft:mined":{"minecraft:oak_log":1},"minecraft:picked_up":{"exoticbirds:hummingbird_egg":3,"exoticbirds:penguin_egg":2,"exoticbirds:budgerigar_egg":1,"exoticbirds:swan_egg":1,"exoticbirds:kiwi_egg":1,"exoticbirds:pigeon_egg":1,"exoticbirds:gouldianfinch_egg":1,"exoticbirds:cardinal_egg":2,"exoticbirds:peafowl_egg":1,"exoticbirds:duck_egg":1,"exoticbirds:cassowary_egg":3,"exoticbirds:flamingo_egg":3,"minecraft:oak_log":1,"exoticbirds:mystery_egg":96,"minecraft:redstone":21,"exoticbirds:bluejay_egg":1,"exoticbirds:toucan_egg":4,"exoticbirds:magpie_egg":2,"exoticbirds:ostrich_egg":2,"exoticbirds:roadrunner_egg":1,"exoticbirds:kookaburra_egg":2,"exoticbirds:cockatoo_egg":3,"exoticbirds:heron_egg":1,"exoticbirds:macaw_egg":1,"exoticbirds:lyrebird_egg":1,"exoticbirds:kingfisher_egg":4,"exoticbirds:robin_egg":4,"exoticbirds:eggshell":46,"exoticbirds:woodpecker_egg":1},"minecraft:killed":{"minecraft:sheep":1,"minecraft:pig":2,"alexsmobs:fly":1}},"DataVersion":3465}