{"stats":{"minecraft:custom":{"minecraft:time_since_rest":34318,"minecraft:sprint_one_cm":9344,"minecraft:walk_one_cm":10910,"minecraft:mob_kills":4,"minecraft:drop":23,"minecraft:damage_dealt":6,"minecraft:swim_one_cm":2173,"minecraft:fly_one_cm":70021,"minecraft:crouch_one_cm":71,"minecraft:play_time":34318,"minecraft:sneak_time":33,"minecraft:walk_under_water_one_cm":415,"minecraft:jump":83,"minecraft:leave_game":30,"minecraft:time_since_death":34318,"minecraft:walk_on_water_one_cm":108,"minecraft:total_world_time":34318,"minecraft:fall_one_cm":209},"minecraft:picked_up":{"exoticbirds:hummingbird_egg":1,"exoticbirds:penguin_egg":1,"exoticbirds:budgerigar_egg":1,"exoticbirds:kiwi_egg":1,"exoticbirds:duck_egg":1,"minecraft:oak_log":1,"exoticbirds:mystery_egg":96,"minecraft:redstone":21,"exoticbirds:toucan_egg":1,"exoticbirds:roadrunner_egg":1,"exoticbirds:cockatoo_egg":1,"exoticbirds:eggshell":15},"minecraft:mined":{"minecraft:oak_log":1},"minecraft:used":{"minecraft:oak_log":1,"exoticbirds:egg_incubator":1,"minecraft:grass_block":6,"exoticbirds:egg_identifier":6,"conjurer_illager:throwing_card":90,"alexsmobs:animal_dictionary":4},"minecraft:dropped":{"exoticbirds:duck_egg":2,"exoticbirds:penguin_egg":2,"exoticbirds:hummingbird_egg":1,"exoticbirds:cockatoo_egg":2,"exoticbirds:kiwi_egg":1,"exoticbirds:toucan_egg":2,"exoticbirds:eggshell":15,"minecraft:grass_block":1,"exoticbirds:mystery_egg":48,"exoticbirds:roadrunner_egg":2,"conjurer_illager:throwing_card":1},"minecraft:killed":{"minecraft:sheep":1,"minecraft:pig":2,"alexsmobs:fly":1}},"DataVersion":3465}