{"stats":{"minecraft:killed":{"minecraft:pig":2,"minecraft:sheep":1},"minecraft:picked_up":{"minecraft:oak_log":1},"minecraft:used":{"minecraft:oak_log":1,"alexsmobs:animal_dictionary":4},"minecraft:custom":{"minecraft:jump":47,"minecraft:time_since_rest":12897,"minecraft:crouch_one_cm":37,"minecraft:leave_game":25,"minecraft:sprint_one_cm":3663,"minecraft:play_time":12897,"minecraft:time_since_death":12897,"minecraft:walk_one_cm":2687,"minecraft:sneak_time":22,"minecraft:total_world_time":12897,"minecraft:mob_kills":3,"minecraft:fall_one_cm":209,"minecraft:fly_one_cm":21816},"minecraft:mined":{"minecraft:oak_log":1}},"DataVersion":3465}