{"stats":{"minecraft:mined":{"minecraft:oak_log":1},"minecraft:picked_up":{"minecraft:oak_log":1},"minecraft:used":{"minecraft:oak_log":1,"alexsmobs:animal_dictionary":3},"minecraft:killed":{"minecraft:pig":2,"minecraft:sheep":1},"minecraft:custom":{"minecraft:jump":37,"minecraft:time_since_rest":10251,"minecraft:crouch_one_cm":37,"minecraft:leave_game":22,"minecraft:sprint_one_cm":2409,"minecraft:play_time":10251,"minecraft:time_since_death":10251,"minecraft:walk_one_cm":2413,"minecraft:sneak_time":22,"minecraft:total_world_time":10251,"minecraft:mob_kills":3,"minecraft:fall_one_cm":209,"minecraft:fly_one_cm":18916}},"DataVersion":3465}