{"stats":{"minecraft:mined":{"minecraft:oak_log":1},"minecraft:killed":{"minecraft:pig":2,"minecraft:sheep":1},"minecraft:used":{"minecraft:oak_log":1,"alexsmobs:animal_dictionary":4},"minecraft:picked_up":{"minecraft:oak_log":1},"minecraft:custom":{"minecraft:jump":52,"minecraft:time_since_rest":13955,"minecraft:crouch_one_cm":37,"minecraft:leave_game":27,"minecraft:sprint_one_cm":4137,"minecraft:play_time":13955,"minecraft:time_since_death":13955,"minecraft:walk_one_cm":2748,"minecraft:sneak_time":22,"minecraft:total_world_time":13955,"minecraft:mob_kills":3,"minecraft:fall_one_cm":209,"minecraft:fly_one_cm":23019}},"DataVersion":3465}