{"stats":{"minecraft:killed":{"minecraft:pig":2,"minecraft:sheep":1},"minecraft:mined":{"minecraft:oak_log":1},"minecraft:custom":{"minecraft:jump":37,"minecraft:time_since_rest":9544,"minecraft:crouch_one_cm":37,"minecraft:leave_game":20,"minecraft:sprint_one_cm":2409,"minecraft:play_time":9544,"minecraft:time_since_death":9544,"minecraft:walk_one_cm":2413,"minecraft:sneak_time":22,"minecraft:total_world_time":9544,"minecraft:mob_kills":3,"minecraft:fall_one_cm":209,"minecraft:fly_one_cm":18916},"minecraft:picked_up":{"minecraft:oak_log":1},"minecraft:used":{"minecraft:oak_log":1,"alexsmobs:animal_dictionary":3}},"DataVersion":3465}