{"stats":{"minecraft:used":{"exoticbirds:cockatoo_egg":1,"exoticbirds:egg_incubator":1,"conjurer_illager:throwing_card":90,"minecraft:oak_log":1,"minecraft:grass_block":6,"exoticbirds:egg_identifier":6,"alexsmobs:animal_dictionary":4},"minecraft:custom":{"minecraft:mob_kills":4,"minecraft:leave_game":40,"minecraft:time_since_death":44155,"minecraft:time_since_rest":44155,"minecraft:sprint_one_cm":11108,"minecraft:walk_one_cm":18496,"minecraft:drop":176,"minecraft:damage_dealt":6,"minecraft:swim_one_cm":2173,"minecraft:fly_one_cm":97052,"minecraft:crouch_one_cm":71,"minecraft:play_time":44155,"minecraft:sneak_time":33,"minecraft:walk_under_water_one_cm":415,"minecraft:jump":122,"minecraft:walk_on_water_one_cm":108,"minecraft:total_world_time":44155,"minecraft:fall_one_cm":209},"minecraft:dropped":{"exoticbirds:cardinal_egg":6,"exoticbirds:lyrebird_egg":3,"exoticbirds:duck_egg":3,"exoticbirds:penguin_egg":6,"exoticbirds:cassowary_egg":7,"exoticbirds:crane_egg":2,"exoticbirds:magpie_egg":6,"exoticbirds:heron_egg":3,"exoticbirds:macaw_egg":4,"exoticbirds:ostrich_egg":7,"minecraft:scute":1,"exoticbirds:toucan_egg":7,"exoticbirds:gull_egg":1,"exoticbirds:eggshell":130,"minecraft:grass_block":1,"exoticbirds:mystery_egg":48,"exoticbirds:swan_egg":1,"exoticbirds:roadrunner_egg":4,"exoticbirds:bluejay_egg":4,"exoticbirds:pigeon_egg":4,"conjurer_illager:throwing_card":1,"exoticbirds:owl_egg":2,"exoticbirds:flamingo_egg":9,"exoticbirds:hummingbird_egg":10,"exoticbirds:gouldianfinch_egg":2,"exoticbirds:pelican_egg":2,"exoticbirds:robin_egg":9,"exoticbirds:kingfisher_egg":6,"exoticbirds:booby_egg":3,"minecraft:sand":1,"exoticbirds:cockatoo_egg":8,"exoticbirds:kiwi_egg":4,"exoticbirds:woodpecker_egg":4,"exoticbirds:peafowl_egg":2,"exoticbirds:kookaburra_egg":6},"minecraft:picked_up":{"exoticbirds:hummingbird_egg":6,"exoticbirds:kiwi_egg":3,"exoticbirds:pigeon_egg":3,"exoticbirds:gouldianfinch_egg":1,"exoticbirds:cardinal_egg":5,"exoticbirds:peafowl_egg":1,"exoticbirds:owl_egg":1,"minecraft:oak_log":1,"exoticbirds:bluejay_egg":2,"exoticbirds:toucan_egg":5,"exoticbirds:magpie_egg":3,"exoticbirds:crane_egg":1,"exoticbirds:kookaburra_egg":4,"exoticbirds:cockatoo_egg":5,"exoticbirds:heron_egg":2,"exoticbirds:macaw_egg":3,"exoticbirds:robin_egg":5,"exoticbirds:kingfisher_egg":4,"exoticbirds:eggshell":75,"exoticbirds:gull_egg":1,"exoticbirds:woodpecker_egg":2,"exoticbirds:penguin_egg":5,"exoticbirds:budgerigar_egg":1,"exoticbirds:swan_egg":1,"exoticbirds:duck_egg":2,"exoticbirds:cassowary_egg":4,"exoticbirds:flamingo_egg":6,"exoticbirds:mystery_egg":96,"minecraft:redstone":21,"exoticbirds:roadrunner_egg":3,"exoticbirds:ostrich_egg":5,"exoticbirds:booby_egg":2,"exoticbirds:pelican_egg":2,"exoticbirds:lyrebird_egg":3},"minecraft:mined":{"minecraft:oak_log":1},"minecraft:killed":{"minecraft:pig":2,"minecraft:sheep":1,"alexsmobs:fly":1}},"DataVersion":3465}