{"stats":{"minecraft:custom":{"minecraft:jump":27,"minecraft:time_since_rest":7024,"minecraft:crouch_one_cm":37,"minecraft:leave_game":16,"minecraft:play_time":7024,"minecraft:sprint_one_cm":1607,"minecraft:time_since_death":7024,"minecraft:walk_one_cm":1762,"minecraft:sneak_time":22,"minecraft:total_world_time":7024,"minecraft:mob_kills":3,"minecraft:fall_one_cm":209,"minecraft:fly_one_cm":10881},"minecraft:killed":{"minecraft:pig":2,"minecraft:sheep":1},"minecraft:mined":{"minecraft:oak_log":1},"minecraft:picked_up":{"minecraft:oak_log":1},"minecraft:used":{"minecraft:oak_log":1}},"DataVersion":3465}