{"stats":{"minecraft:used":{"minecraft:oak_log":1,"alexsmobs:animal_dictionary":4},"minecraft:custom":{"minecraft:jump":37,"minecraft:time_since_rest":10698,"minecraft:crouch_one_cm":37,"minecraft:leave_game":23,"minecraft:sprint_one_cm":2409,"minecraft:play_time":10698,"minecraft:time_since_death":10698,"minecraft:walk_one_cm":2413,"minecraft:sneak_time":22,"minecraft:total_world_time":10698,"minecraft:mob_kills":3,"minecraft:fall_one_cm":209,"minecraft:fly_one_cm":18916},"minecraft:picked_up":{"minecraft:oak_log":1},"minecraft:killed":{"minecraft:pig":2,"minecraft:sheep":1},"minecraft:mined":{"minecraft:oak_log":1}},"DataVersion":3465}