{"stats":{"minecraft:used":{"minecraft:oak_log":1,"alexsmobs:animal_dictionary":4},"minecraft:custom":{"minecraft:jump":53,"minecraft:time_since_rest":14805,"minecraft:crouch_one_cm":37,"minecraft:leave_game":29,"minecraft:sprint_one_cm":4185,"minecraft:play_time":14805,"minecraft:time_since_death":14805,"minecraft:walk_one_cm":2826,"minecraft:sneak_time":22,"minecraft:total_world_time":14805,"minecraft:walk_under_water_one_cm":415,"minecraft:mob_kills":3,"minecraft:swim_one_cm":2173,"minecraft:fall_one_cm":209,"minecraft:fly_one_cm":49236,"minecraft:walk_on_water_one_cm":108},"minecraft:picked_up":{"minecraft:oak_log":1},"minecraft:mined":{"minecraft:oak_log":1},"minecraft:killed":{"minecraft:pig":2,"minecraft:sheep":1}},"DataVersion":3465}