{"stats":{"minecraft:mined":{"minecraft:grass":2},"minecraft:custom":{"minecraft:jump":87,"minecraft:time_since_rest":1603,"minecraft:leave_game":1,"minecraft:walk_on_water_one_cm":252,"minecraft:damage_dealt":412,"minecraft:deaths":1,"minecraft:sprint_one_cm":18761,"minecraft:play_time":2641,"minecraft:damage_taken":488,"minecraft:time_since_death":1576,"minecraft:walk_one_cm":17429,"minecraft:total_world_time":2641,"minecraft:fall_one_cm":3833,"minecraft:fly_one_cm":35368,"minecraft:player_kills":1},"minecraft:killed_by":{"minecraft:player":1}},"DataVersion":3465}