{"stats":{"minecraft:used":{"minecraft:dirt":1},"minecraft:picked_up":{"minecraft:oak_log":2,"minecraft:wheat_seeds":1,"minecraft:dirt":4},"minecraft:mined":{"minecraft:grass":1,"minecraft:grass_block":1,"minecraft:oak_log":2,"minecraft:oak_leaves":2,"minecraft:dirt":3},"minecraft:custom":{"minecraft:jump":12,"minecraft:leave_game":1,"minecraft:time_since_rest":1152,"minecraft:damage_dealt":6,"minecraft:crouch_one_cm":127,"minecraft:damage_taken":46,"minecraft:sprint_one_cm":9618,"minecraft:play_time":1152,"minecraft:time_since_death":1152,"minecraft:walk_one_cm":4325,"minecraft:sneak_time":100,"minecraft:total_world_time":1152,"minecraft:fly_one_cm":1322}},"DataVersion":3465}