{
  "minecraft:recipes/decorations/crafting_table": {
    "criteria": {
      "unlock_right_away": "2024-06-03 04:45:46 +0000"
    },
    "done": true
  },
  "minecraft:adventure/adventuring_time": {
    "criteria": {
      "minecraft:beach": "2024-06-05 01:01:24 +0000",
      "minecraft:cold_ocean": "2024-06-05 01:01:25 +0000",
      "minecraft:forest": "2024-06-03 05:00:52 +0000",
      "minecraft:plains": "2024-06-03 04:45:47 +0000"
    },
    "done": false
  },
  "cataclysm:root": {
    "criteria": {
      "custom_test_name": "2024-06-03 05:08:04 +0000"
    },
    "done": true
  },
  "alexscaves:alexscaves/dreadbow": {
    "criteria": {
      "dreadbow": "2024-06-03 05:19:23 +0000"
    },
    "done": true
  },
  "minecraft:adventure/root": {
    "criteria": {
      "killed_something": "2024-06-03 05:19:28 +0000"
    },
    "done": true
  },
  "minecraft:recipes/misc/charcoal": {
    "criteria": {
      "has_log": "2024-06-03 05:46:29 +0000"
    },
    "done": true
  },
  "minecraft:recipes/building_blocks/oak_planks": {
    "criteria": {
      "has_logs": "2024-06-03 05:46:29 +0000"
    },
    "done": true
  },
  "minecraft:recipes/building_blocks/oak_wood": {
    "criteria": {
      "has_log": "2024-06-03 05:46:29 +0000"
    },
    "done": true
  },
  "iceandfire:iceandfire/root": {
    "criteria": {
      "tick": "2024-06-03 05:50:44 +0000"
    },
    "done": true
  },
  "alexsmobs:alexsmobs/root": {
    "criteria": {
      "useitem": "2024-06-03 05:50:54 +0000"
    },
    "done": true
  },
  "minecraft:husbandry/root": {
    "criteria": {
      "consumed_item": "2024-06-03 05:50:54 +0000"
    },
    "done": true
  },
  "create:root": {
    "criteria": {
      "0": "2024-06-05 00:19:52 +0000"
    },
    "done": true
  },
  "takesapillage:root": {
    "criteria": {
      "always": "2024-06-05 00:35:40 +0000"
    },
    "done": true
  },
  "dungeons_arise:wda_root": {
    "criteria": {
      "WDA": "2024-06-05 00:39:58 +0000"
    },
    "done": true
  },
  "ecologics:recipes/ecologics/azalea_boat": {
    "criteria": {
      "in_water": "2024-06-05 01:01:33 +0000"
    },
    "done": true
  },
  "minecraft:recipes/transportation/cherry_boat": {
    "criteria": {
      "in_water": "2024-06-05 01:01:33 +0000"
    },
    "done": true
  },
  "minecraft:recipes/transportation/bamboo_raft": {
    "criteria": {
      "in_water": "2024-06-05 01:01:33 +0000"
    },
    "done": true
  },
  "ecologics:recipes/ecologics/walnut_boat": {
    "criteria": {
      "in_water": "2024-06-05 01:01:33 +0000"
    },
    "done": true
  },
  "minecraft:recipes/transportation/acacia_boat": {
    "criteria": {
      "in_water": "2024-06-05 01:01:33 +0000"
    },
    "done": true
  },
  "minecraft:recipes/transportation/jungle_boat": {
    "criteria": {
      "in_water": "2024-06-05 01:01:33 +0000"
    },
    "done": true
  },
  "minecraft:recipes/transportation/spruce_boat": {
    "criteria": {
      "in_water": "2024-06-05 01:01:33 +0000"
    },
    "done": true
  },
  "minecraft:recipes/transportation/birch_boat": {
    "criteria": {
      "in_water": "2024-06-05 01:01:33 +0000"
    },
    "done": true
  },
  "minecraft:recipes/transportation/oak_boat": {
    "criteria": {
      "in_water": "2024-06-05 01:01:33 +0000"
    },
    "done": true
  },
  "minecraft:recipes/transportation/mangrove_boat": {
    "criteria": {
      "in_water": "2024-06-05 01:01:33 +0000"
    },
    "done": true
  },
  "ecologics:recipes/ecologics/coconut_boat": {
    "criteria": {
      "in_water": "2024-06-05 01:01:33 +0000"
    },
    "done": true
  },
  "ecologics:recipes/ecologics/flowering_azalea_boat": {
    "criteria": {
      "in_water": "2024-06-05 01:01:33 +0000"
    },
    "done": true
  },
  "minecraft:recipes/transportation/dark_oak_boat": {
    "criteria": {
      "in_water": "2024-06-05 01:01:33 +0000"
    },
    "done": true
  },
  "exoticbirds:recipes/phoenix_egg_from_nether_phoenix": {
    "criteria": {
      "has_egg": "2024-06-05 01:05:24 +0000"
    },
    "done": true
  },
  "minecraft:recipes/redstone/redstone_torch": {
    "criteria": {
      "has_redstone": "2024-06-05 01:07:00 +0000"
    },
    "done": true
  },
  "create:recipes/misc/crafting/logistics/pulse_extender": {
    "criteria": {
      "has_item": "2024-06-05 01:07:00 +0000"
    },
    "done": true
  },
  "supplementaries:recipes/lock_block": {
    "criteria": {
      "has_redstone": "2024-06-05 01:07:00 +0000"
    },
    "done": true
  },
  "exoticbirds:default/craft_identifier": {
    "criteria": {
      "egg_identifier": "2024-06-05 01:06:49 +0000"
    },
    "done": true
  },
  "exoticbirds:recipes/egg_incubator": {
    "criteria": {
      "has_bucket": "2024-06-05 01:05:24 +0000",
      "has_flint": "2024-06-05 01:05:24 +0000"
    },
    "done": true
  },
  "minecraft:recipes/decorations/chest": {
    "criteria": {
      "has_lots_of_items": "2024-06-05 01:17:14 +0000"
    },
    "done": true
  },
  "exoticbirds:recipes/phoenix_egg_from_twilight_phoenix": {
    "criteria": {
      "has_egg": "2024-06-05 01:05:24 +0000"
    },
    "done": true
  },
  "create:recipes/misc/crafting/logistics/pulse_repeater": {
    "criteria": {
      "has_item": "2024-06-05 01:07:00 +0000"
    },
    "done": true
  },
  "minecraft:recipes/redstone/target": {
    "criteria": {
      "has_redstone": "2024-06-05 01:07:00 +0000"
    },
    "done": true
  },
  "minecraft:recipes/tools/compass": {
    "criteria": {
      "has_redstone": "2024-06-05 01:07:00 +0000"
    },
    "done": true
  },
  "exoticbirds:recipes/phoenix_egg_from_cloud_phoenix": {
    "criteria": {
      "has_egg": "2024-06-05 01:05:24 +0000"
    },
    "done": true
  },
  "exoticbirds:recipes/phoenix_egg_from_desert_phoenix": {
    "criteria": {
      "has_egg": "2024-06-05 01:05:24 +0000"
    },
    "done": true
  },
  "supplementaries:recipes/redstone_illuminator": {
    "criteria": {
      "has_redstone": "2024-06-05 01:07:00 +0000"
    },
    "done": true
  },
  "supplementaries:recipes/turn_table": {
    "criteria": {
      "has_redstone": "2024-06-05 01:07:00 +0000"
    },
    "done": true
  },
  "minecraft:recipes/redstone/redstone_block": {
    "criteria": {
      "has_redstone": "2024-06-05 01:07:00 +0000"
    },
    "done": true
  },
  "exoticbirds:recipes/phoenix_egg_from_ender_phoenix": {
    "criteria": {
      "has_egg": "2024-06-05 01:05:24 +0000"
    },
    "done": true
  },
  "exoticbirds:recipes/phoenix_egg_from_fire_phoenix": {
    "criteria": {
      "has_egg": "2024-06-05 01:05:24 +0000"
    },
    "done": true
  },
  "supplementaries:recipes/flower_box": {
    "criteria": {
      "has_dirt": "2024-06-05 01:17:23 +0000"
    },
    "done": true
  },
  "minecraft:recipes/tools/clock": {
    "criteria": {
      "has_redstone": "2024-06-05 01:07:00 +0000"
    },
    "done": true
  },
  "exoticbirds:default/craft_incubator": {
    "criteria": {
      "egg_incubator": "2024-06-05 01:06:39 +0000"
    },
    "done": true
  },
  "exoticbirds:default/root": {
    "criteria": {
      "launch_mod": "2024-06-05 01:05:24 +0000"
    },
    "done": true
  },
  "create:recipes/misc/crafting/logistics/powered_latch": {
    "criteria": {
      "has_item": "2024-06-05 01:07:00 +0000"
    },
    "done": true
  },
  "supplementaries:recipes/pancake_fd": {
    "criteria": {
      "forge:eggs": "2024-06-05 01:17:13 +0000"
    },
    "done": true
  },
  "minecraft:recipes/redstone/note_block": {
    "criteria": {
      "has_redstone": "2024-06-05 01:07:00 +0000"
    },
    "done": true
  },
  "exoticbirds:recipes/phoenix_egg_from_skeleton_phoenix": {
    "criteria": {
      "has_egg": "2024-06-05 01:05:24 +0000"
    },
    "done": true
  },
  "supplementaries:recipes/altimeter": {
    "criteria": {
      "has_redstone": "2024-06-05 01:07:00 +0000"
    },
    "done": true
  },
  "supplementaries:recipes/sconce_lever": {
    "criteria": {
      "has_redstone": "2024-06-05 01:07:00 +0000"
    },
    "done": true
  },
  "exoticbirds:recipes/phoenix_egg_from_water_phoenix": {
    "criteria": {
      "has_egg": "2024-06-05 01:05:24 +0000"
    },
    "done": true
  },
  "exoticbirds:recipes/egg_identifier": {
    "criteria": {
      "has_bucket": "2024-06-05 01:05:24 +0000"
    },
    "done": true
  },
  "create:recipes/misc/crafting/logistics/powered_toggle_latch": {
    "criteria": {
      "has_item": "2024-06-05 01:07:00 +0000"
    },
    "done": true
  },
  "minecraft:recipes/redstone/dropper": {
    "criteria": {
      "has_redstone": "2024-06-05 01:07:00 +0000"
    },
    "done": true
  },
  "exoticbirds:recipes/phoenix_egg_from_snowy_phoenix": {
    "criteria": {
      "has_egg": "2024-06-05 01:05:24 +0000"
    },
    "done": true
  },
  "create:recipes/misc/crafting/materials/rose_quartz": {
    "criteria": {
      "has_item": "2024-06-05 01:07:00 +0000"
    },
    "done": true
  },
  "minecraft:recipes/redstone/piston": {
    "criteria": {
      "has_redstone": "2024-06-05 01:07:00 +0000"
    },
    "done": true
  },
  "DataVersion": 3465
}