{
  "minecraft:adventure/adventuring_time": {
    "criteria": {
      "minecraft:beach": "2024-06-05 01:01:24 +0000",
      "minecraft:cold_ocean": "2024-06-05 01:01:25 +0000",
      "minecraft:forest": "2024-06-03 05:00:52 +0000",
      "minecraft:plains": "2024-06-03 04:45:47 +0000"
    },
    "done": false
  },
  "cataclysm:root": {
    "criteria": {
      "custom_test_name": "2024-06-03 05:08:04 +0000"
    },
    "done": true
  },
  "alexscaves:alexscaves/dreadbow": {
    "criteria": {
      "dreadbow": "2024-06-03 05:19:23 +0000"
    },
    "done": true
  },
  "minecraft:adventure/root": {
    "criteria": {
      "killed_something": "2024-06-03 05:19:28 +0000"
    },
    "done": true
  },
  "iceandfire:iceandfire/root": {
    "criteria": {
      "tick": "2024-06-03 05:50:44 +0000"
    },
    "done": true
  },
  "alexsmobs:alexsmobs/root": {
    "criteria": {
      "useitem": "2024-06-03 05:50:54 +0000"
    },
    "done": true
  },
  "minecraft:husbandry/root": {
    "criteria": {
      "consumed_item": "2024-06-03 05:50:54 +0000"
    },
    "done": true
  },
  "create:root": {
    "criteria": {
      "0": "2024-06-05 00:19:52 +0000"
    },
    "done": true
  },
  "takesapillage:root": {
    "criteria": {
      "always": "2024-06-05 00:35:40 +0000"
    },
    "done": true
  },
  "dungeons_arise:wda_root": {
    "criteria": {
      "WDA": "2024-06-05 00:39:58 +0000"
    },
    "done": true
  },
  "exoticbirds:default/root": {
    "criteria": {
      "launch_mod": "2024-06-05 01:05:24 +0000"
    },
    "done": true
  },
  "exoticbirds:default/craft_incubator": {
    "criteria": {
      "egg_incubator": "2024-06-05 01:06:39 +0000"
    },
    "done": true
  },
  "exoticbirds:default/craft_identifier": {
    "criteria": {
      "egg_identifier": "2024-06-05 01:06:49 +0000"
    },
    "done": true
  },
  "idas:idas_root": {
    "criteria": {
      "always": "2024-06-05 01:28:49 +0000"
    },
    "done": true
  },
  "irons_spellbooks:grant_patchouli": {
    "criteria": {
      "tick": "2024-06-05 01:35:00 +0000"
    },
    "done": true
  },
  "mowziesmobs:root": {
    "criteria": {
      "custom_test_name": "2024-06-05 01:39:07 +0000"
    },
    "done": true
  },
  "betterdungeons:root": {
    "criteria": {
      "always": "2024-06-05 02:11:34 +0000"
    },
    "done": true
  },
  "betterdeserttemples:root": {
    "criteria": {
      "always": "2024-06-05 02:11:34 +0000"
    },
    "done": true
  },
  "DataVersion": 3465
}